variant,backbone,completed_rows,total_rows,mean_mse,mean_mae,mean_mse_delta_pct_vs_raw,mean_mae_delta_pct_vs_raw,blocked_rows
raw_no_correction,PatchTST,1,1,3.0659509669845653,1.3372358446391148,0.0,0.0,0
unified_revin_rdn_hybrid,PatchTST,1,1,3.013168467192728,1.3271271209399846,-1.7215702521084406,-0.7559417240911804,0
raw_no_correction,ALL,1,1,3.0659509669845653,1.3372358446391148,0.0,0.0,0
unified_revin_rdn_hybrid,ALL,1,1,3.013168467192728,1.3271271209399846,-1.7215702521084406,-0.7559417240911804,0
