variant,backbone,completed_rows,total_rows,mean_mse,mean_mae,mean_mse_delta_pct_vs_raw,mean_mae_delta_pct_vs_raw,blocked_rows
raw_no_correction,DLinear,1,1,6.45562024879166,1.960510245564886,0.0,0.0,0
unified_revin_rdn_hybrid,DLinear,1,1,3.994698335172625,1.5380548779931642,-38.12061147927128,-21.54823564566472,0
raw_no_correction,ALL,1,1,6.45562024879166,1.960510245564886,0.0,0.0,0
unified_revin_rdn_hybrid,ALL,1,1,3.994698335172625,1.5380548779931642,-38.12061147927128,-21.54823564566472,0
