method,completed_rows,total_rows,mean_mse,mean_mae,mean_mse_delta_pct_vs_raw_local,blocked_rows
HalluGuard-LRBN,8,8,4.894157596003545,1.6821623384343718,-20.028830962288428,0
ema_smoothing,8,8,6.060487040025388,1.848220973289117,-5.922067896239853,0
matched_sparse_smoothing,8,8,6.222475052491289,1.877729907498508,-2.9711327430642522,0
median_smoothing,8,8,6.129929274585331,1.860337152559136,-4.849368900645152,0
naive_smoothing,8,8,6.072069123180009,1.8492562612970647,-5.7638668117901455,0
raw_no_correction,8,8,6.427220554044915,1.9149077056592396,,0
