variant,backbone,completed_rows,total_rows,mean_mse,mean_mae,mean_mse_delta_pct_vs_raw,mean_mae_delta_pct_vs_raw,blocked_rows
raw_no_correction,DLinear,1,1,4.785306744021491,1.6702877843692492,0.0,0.0,0
unified_revin_rdn_hybrid,DLinear,1,1,2.8177423433450954,1.273999311563585,-41.116787406252826,-23.725760106382783,0
raw_no_correction,ALL,1,1,4.785306744021491,1.6702877843692492,0.0,0.0,0
unified_revin_rdn_hybrid,ALL,1,1,2.8177423433450954,1.273999311563585,-41.116787406252826,-23.725760106382783,0
